{
  "project_info": {
    "project_number": "714102233178",
    "project_id": "save-life-blood-doner",
    "storage_bucket": "save-life-blood-doner.appspot.com"
  },
  "client": [
    {
      "client_info": {
        "mobilesdk_app_id": "1:714102233178:android:d7697ef4cb9ed607fc6063",
        "android_client_info": {
          "package_name": "com.example.save_life_blood_doner"
        }
      },
      "oauth_client": [
        {
          "client_id": "714102233178-cjt76hflub3jsdrclsg43ghsai60kmjl.apps.googleusercontent.com",
          "client_type": 1,
          "android_info": {
            "package_name": "com.example.save_life_blood_doner",
            "certificate_hash": "0b2d1d10aaf3f13bd64fb2e6f5569ea2187c7f1b"
          }
        },
        {
          "client_id": "714102233178-p6kt2plachnfr9bq9bqtf6eo312e189s.apps.googleusercontent.com",
          "client_type": 3
        }
      ],
      "api_key": [
        {
          "current_key": "AIzaSyBC8Resbxo4AUv0reGlwlTbyAkO-XggbmY"
        }
      ],
      "services": {
        "appinvite_service": {
          "other_platform_oauth_client": [
            {
              "client_id": "714102233178-p6kt2plachnfr9bq9bqtf6eo312e189s.apps.googleusercontent.com",
              "client_type": 3
            }
          ]
        }
      }
    }
  ],
  "configuration_version": "1"
}